Node, Score
0, 0.30541965625
1, 0.2896067078125
3, 0.2460056045533854
2, 0.15758867138020832
4, 0.11205523388020831
