Node, Score
1, 0.4939260483717427
2, 0.4363659869795432
4, 0.0707380511869821
3, 0.03709465816926082
5, 0.03657129369987354
0, 0.032294075585497795
6, 0.016528845863561945
7, 0.016528845863561945
8, 0.016528845863561945
9, 0.016528845863561945
10, 0.016528845863561945
