Node, Score
2, 0.37043686313035745
1, 0.2545765959676106
3, 0.1830775145948339
0, 0.17865024278428818
