Node, Score
1, 0.40015980135933904
2, 0.3561347246474098
4, 0.06457156444889303
3, 0.03429417008582962
5, 0.0342941700858247
0, 0.030573915778449264
6, 0.015998893491971672
7, 0.015998893491971672
8, 0.015998893491971672
9, 0.015998893491971672
10, 0.015998893491971672
