Node, Score
2, 0.3749083838288707
1, 0.2600713958172638
3, 0.182506586330561
0, 0.18250624267878165
