Node, Score
0, 0.26681081868156503
1, 0.25678919587933025
3, 0.22722141336075788
2, 0.1464287935626835
4, 0.1027569388324769
